ip,anonymityLevel,asn,country,isp,latency,org,port,protocols,responseTime,speed,updated_at,upTime,upTimeSuccessCount,upTimeTryCount
"171.244.22.27","transparent","N/A","VN","N/A","199","N/A","3128","http","N/A","5001","2022-01-21T20:07:12.094Z","100","1","1"
"47.96.221.95","transparent","N/A","CN","N/A","180","N/A","80","http","N/A","4718","2022-01-21T20:06:58.625Z","100","1","1"
"165.16.46.215","transparent","N/A","LY","N/A","239","N/A","8080","http","N/A","N/A","2022-01-21T20:06:50.527Z","100","1","1"
"95.0.168.46","transparent","N/A","TR","N/A","238","N/A","1976","http","N/A","N/A","2022-01-21T20:06:42.066Z","100","1","1"
"203.123.56.2","transparent","N/A","ID","N/A","398","N/A","63123","http","N/A","N/A","2022-01-21T20:06:36.425Z","100","1","1"
"202.51.106.229","transparent","N/A","ID","N/A","199","N/A","8080","http","N/A","N/A","2022-01-21T20:06:32.803Z","100","1","1"
"91.193.253.188","elite","N/A","UA","N/A","218","N/A","23500","http","N/A","460","2022-01-21T20:06:29.685Z","100","1","1"
"89.20.48.118","elite","N/A","KZ","N/A","259","N/A","8080","http","N/A","562","2022-01-21T20:06:26.461Z","100","1","1"
"193.193.240.34","elite","N/A","KZ","N/A","259","N/A","45944","http","N/A","N/A","2022-01-21T20:06:23.264Z","100","1","1"
"103.242.105.159","transparent","N/A","ID","N/A","219","N/A","8181","http","N/A","N/A","2022-01-21T20:06:18.762Z","100","1","1"
"103.80.83.166","transparent","N/A","ID","N/A","215","N/A","8080","http","N/A","N/A","2022-01-21T20:05:58.386Z","100","1","1"
"103.80.77.1","transparent","N/A","ID","N/A","195","N/A","443","http","N/A","N/A","2022-01-21T20:05:52.605Z","100","1","1"
"165.16.22.170","transparent","N/A","LY","N/A","229","N/A","9999","http","N/A","N/A","2022-01-21T20:05:47.986Z","100","1","1"
"217.60.194.43","transparent","N/A","IR","N/A","226","N/A","8080","http","N/A","N/A","2022-01-21T20:05:46.532Z","100","1","1"
"43.250.127.98","transparent","N/A","MN","N/A","214","N/A","9001","http","N/A","430","2022-01-21T20:05:45.233Z","100","1","1"
"170.83.60.124","elite","N/A","BR","N/A","183","N/A","55443","http","N/A","384","2022-01-21T20:05:43.691Z","100","1","1"
"45.174.248.35","transparent","N/A","MX","N/A","76","N/A","999","http","N/A","N/A","2022-01-21T20:05:42.369Z","100","1","1"
"190.13.84.172","transparent","N/A","CO","N/A","127","N/A","8080","http","N/A","N/A","2022-01-21T20:05:39.118Z","100","1","1"
"191.97.8.253","transparent","N/A","CO","N/A","159","N/A","999","http","N/A","N/A","2022-01-21T20:05:35.527Z","100","1","1"
"192.162.193.243","elite","N/A","RU","N/A","669","N/A","36910","http","N/A","N/A","2022-01-21T20:05:34.179Z","100","1","1"
"103.247.15.105","transparent","N/A","ID","N/A","206","N/A","8080","http","N/A","N/A","2022-01-21T20:05:30.660Z","100","1","1"
"181.47.104.64","transparent","N/A","AR","N/A","220","N/A","8080","http","N/A","N/A","2022-01-21T20:05:26.138Z","100","1","1"
"128.199.4.92","transparent","N/A","SG","N/A","3","N/A","3129","https","N/A","N/A","2022-01-21T20:05:25.592Z","100","4952","4953"
"182.253.28.124","transparent","N/A","ID","N/A","198","N/A","8080","http","N/A","1139","2022-01-21T20:05:25.436Z","100","1","1"
"167.172.203.244","elite","AS14061","US","DigitalOcean, LLC","2","DigitalOcean, LLC","8118","http","38","N/A","2022-01-21T20:05:25.714Z","100","4952","4952"
"45.174.248.44","transparent","N/A","MX","N/A","76","N/A","999","http","N/A","N/A","2022-01-21T20:05:23.562Z","100","1","1"
"181.74.128.230","transparent","N/A","CL","N/A","183","N/A","999","http","N/A","925","2022-01-21T20:05:21.226Z","100","1","1"
"45.178.133.20","transparent","N/A","CL","N/A","211","N/A","999","http","N/A","N/A","2022-01-21T20:05:14.715Z","100","1","1"
"191.102.107.234","transparent","N/A","CO","N/A","127","N/A","999","http","N/A","N/A","2022-01-21T20:05:14.532Z","100","1","1"
"191.243.217.1","elite","N/A","BR","N/A","145","N/A","53281","http","N/A","N/A","2022-01-21T20:05:11.989Z","100","4943","4948"
"181.224.207.18","transparent","N/A","DO","N/A","123","N/A","999","http","N/A","N/A","2022-01-21T20:05:09.472Z","100","1","1"
"103.213.105.190","transparent","N/A","AF","N/A","280","N/A","8080","http","N/A","N/A","2022-01-21T20:05:06.274Z","100","1","1"
"191.243.218.249","elite","N/A","BR","N/A","159","N/A","53281","http","N/A","N/A","2022-01-21T20:05:00.314Z","100","4924","4930"
"181.48.101.245","transparent","N/A","CO","N/A","138","N/A","3128","http","N/A","N/A","2022-01-21T20:05:00.314Z","100","1","1"
"41.65.246.3","transparent","N/A","EG","N/A","198","N/A","3129","http","N/A","1297","2022-01-21T20:04:50.544Z","100","1","1"
"51.159.5.133","transparent","N/A","FR","N/A","159","N/A","3128","http","N/A","323","2022-01-21T20:04:44.917Z","100","1","1"
"218.185.234.194","transparent","N/A","AU","N/A","179","N/A","8080","http","N/A","N/A","2022-01-21T20:04:40.255Z","100","1","1"
"51.159.24.172","elite","N/A","FR","N/A","158","N/A","3163","http","N/A","N/A","2022-01-21T20:04:40.253Z","100","1145","1146"
"43.245.93.193","transparent","N/A","NP","N/A","280","N/A","53805","http","N/A","N/A","2022-01-21T20:04:34.645Z","100","1","1"
"50.233.228.147","anonymous","N/A","US","N/A","39","N/A","8080","http","N/A","N/A","2022-01-21T20:04:28.201Z","100","4943","4944"
"59.50.95.62","elite","N/A","CN","N/A","198","N/A","8091","http","N/A","N/A","2022-01-21T20:04:26.278Z","100","1","1"
"41.203.252.12","transparent","N/A","SC","N/A","299","N/A","9090","http","N/A","N/A","2022-01-21T20:04:17.079Z","100","1","1"
"5.188.182.54","elite","N/A","RU","N/A","157","N/A","3128","https","N/A","N/A","2022-01-21T20:04:15.135Z","100","4967","4972"
"202.164.39.147","transparent","N/A","IN","N/A","1059","N/A","3128","http","N/A","N/A","2022-01-21T20:04:08.630Z","100","1","1"
"177.75.96.74","transparent","AS265889","BR","Optinet TelecomunicaÔÔes Ltda","222","Optinet Telecomunicações Ltda","3128","https","35","N/A","2022-01-21T20:04:06.631Z","100","4964","4972"
"156.200.116.74","transparent","N/A","EG","N/A","200","N/A","1981","http","N/A","N/A","2022-01-21T20:04:00.664Z","100","1","1"
"62.182.66.234","elite","N/A","UA","N/A","239","N/A","9090","http","N/A","N/A","2022-01-21T20:03:54.534Z","100","1","1"
"202.62.93.194","transparent","N/A","IN","N/A","239","N/A","8080","http","N/A","N/A","2022-01-21T20:03:49.512Z","100","1","1"
"182.23.104.237","transparent","N/A","ID","N/A","217","N/A","8080","http","N/A","N/A","2022-01-21T20:03:40.585Z","100","1","1"
"91.202.230.219","elite","N/A","PL","N/A","500","N/A","8080","http","N/A","N/A","2022-01-21T20:03:39.403Z","100","1","1"